,experience_level,work_year,employment_type,job_title,salary,salary_currency,salary_in_usd,employee_residence,remote_ratio,company_location,company_size
0,EN,2020,FT,Data Analyst,72000,USD,72000,US,100,US,L
1,EN,2020,FT,Data Scientist,45000,EUR,51321,FR,0,FR,S
2,EN,2020,FT,Data Scientist,35000,EUR,39916,FR,0,FR,M
3,EN,2020,FT,Data Engineer,4450000,JPY,41689,JP,100,JP,S
4,EN,2020,FT,Data Science Consultant,423000,INR,5707,IN,50,IN,M
5,EN,2020,FT,Research Scientist,42000,USD,42000,NL,50,NL,L
6,EN,2020,CT,Business Data Analyst,100000,USD,100000,US,100,US,L
7,EN,2020,FT,Big Data Engineer,70000,USD,70000,US,100,US,L
8,EN,2020,FT,Machine Learning Engineer,250000,USD,250000,US,50,US,L
9,EN,2020,FT,Data Analyst,10000,USD,10000,NG,100,NG,S
10,EN,2020,FT,Machine Learning Engineer,138000,USD,138000,US,100,US,S
11,EN,2020,PT,ML Engineer,14000,EUR,15966,DE,100,DE,S
12,EN,2020,FT,Data Analyst,450000,INR,6072,IN,0,IN,S
13,EN,2020,FT,Data Analyst,91000,USD,91000,US,100,US,L
14,EN,2020,FT,AI Scientist,300000,DKK,45896,DK,50,DK,S
15,EN,2020,FT,Data Engineer,48000,EUR,54742,PK,100,DE,L
16,EN,2020,PT,Data Scientist,19000,EUR,21669,IT,50,IT,S
17,EN,2020,FT,Data Scientist,55000,EUR,62726,DE,50,DE,S
18,EN,2020,FT,Data Scientist,43200,EUR,49268,DE,0,DE,S
19,EN,2020,FT,Data Scientist,105000,USD,105000,US,100,US,S
20,EN,2021,FT,Research Scientist,60000,GBP,82528,GB,50,GB,L
21,EN,2021,FT,Data Analyst,80000,USD,80000,US,100,US,M
22,EN,2021,FT,Data Analyst,50000,EUR,59102,FR,50,FR,M
23,EN,2021,FT,Data Science Consultant,65000,EUR,76833,DE,100,DE,S
24,EN,2021,FT,Data Scientist,2200000,INR,29751,IN,50,IN,L
25,EN,2021,PT,AI Scientist,12000,USD,12000,BR,100,US,S
26,EN,2021,FT,Computer Vision Software Engineer,70000,USD,70000,US,100,US,M
27,EN,2021,FT,Data Engineer,2250000,INR,30428,IN,100,IN,L
28,EN,2021,PT,AI Scientist,12000,USD,12000,PK,100,US,M
29,EN,2021,FT,Machine Learning Scientist,225000,USD,225000,US,100,US,L
30,EN,2021,FT,Data Analyst,90000,USD,90000,US,100,US,S
31,EN,2021,FT,Data Analyst,50000,USD,50000,US,100,US,M
32,EN,2021,FT,Applied Data Scientist,80000,GBP,110037,GB,0,GB,L
33,EN,2021,PT,Data Analyst,8760,EUR,10354,ES,50,ES,M
34,EN,2021,FT,Machine Learning Engineer,20000,USD,20000,IN,100,IN,S
35,EN,2021,FT,Machine Learning Developer,100000,USD,100000,IQ,50,IQ,S
36,EN,2021,FT,Data Scientist,42000,EUR,49646,FR,50,FR,M
37,EN,2021,FT,Data Scientist,100000,USD,100000,US,0,US,S
38,EN,2021,FT,Data Scientist,80000,USD,80000,US,100,US,M
39,EN,2021,FT,Data Scientist,13400,USD,13400,UA,100,UA,L
40,EN,2021,FT,Machine Learning Engineer,125000,USD,125000,US,100,US,S
41,EN,2021,FT,Data Science Consultant,54000,EUR,63831,DE,50,DE,L
42,EN,2021,FT,Data Engineer,80000,USD,80000,US,100,US,L
43,EN,2021,FT,BI Data Analyst,55000,USD,55000,US,50,US,S
44,EN,2021,FT,Data Analyst,60000,USD,60000,US,100,US,S
45,EN,2021,FT,Machine Learning Engineer,81000,USD,81000,US,50,US,S
46,EN,2021,FT,Machine Learning Engineer,21844,USD,21844,CO,50,CO,M
47,EN,2021,FT,BI Data Analyst,9272,USD,9272,KE,100,KE,S
48,EN,2021,FT,Data Science Consultant,90000,USD,90000,US,100,US,S
49,EN,2021,FT,Big Data Engineer,435000,INR,5882,IN,0,CH,L
50,EN,2021,FT,Machine Learning Engineer,21000,EUR,24823,DE,50,DE,M
51,EN,2021,PT,Computer Vision Engineer,180000,DKK,28609,DK,50,DK,S
52,EN,2021,FT,Big Data Engineer,1200000,INR,16228,IN,100,IN,L
53,EN,2021,FT,Data Scientist,4000,USD,4000,VN,0,VN,M
54,EN,2021,FT,Data Engineer,1600000,INR,21637,IN,50,IN,M
55,EN,2021,FT,AI Scientist,1335000,INR,18053,IN,100,AS,S
56,EN,2021,FT,Data Scientist,31000,EUR,36643,FR,50,FR,L
57,EN,2021,FT,Data Scientist,90000,USD,90000,US,100,US,S
58,EN,2021,FT,Data Scientist,2100000,INR,28399,IN,100,IN,M
59,EN,2021,FT,Data Engineer,55000,EUR,65013,DE,50,DE,M
60,EN,2021,FT,Data Engineer,72500,USD,72500,US,100,US,L
61,EN,2021,FT,Data Science Consultant,65000,EUR,76833,DE,0,DE,L
62,EN,2021,FT,Machine Learning Engineer,85000,USD,85000,NL,100,DE,S
63,EN,2021,FT,Data Scientist,100000,USD,100000,US,100,US,M
64,EN,2021,FT,Data Scientist,58000,USD,58000,US,50,US,L
65,EN,2021,FT,Business Data Analyst,50000,EUR,59102,LU,100,LU,L
66,EN,2021,FT,Research Scientist,100000,USD,100000,JE,0,CN,L
67,EN,2022,FT,Data Engineer,40000,GBP,52351,GB,100,GB,M
68,EN,2022,FT,Data Engineer,35000,GBP,45807,GB,100,GB,M
69,EN,2022,FT,Machine Learning Engineer,28500,GBP,37300,GB,100,GB,L
70,EN,2022,FT,ML Engineer,20000,EUR,21983,PT,100,PT,L
71,EN,2022,FT,Computer Vision Engineer,125000,USD,125000,US,0,US,M
72,EN,2022,FT,Financial Data Analyst,100000,USD,100000,US,50,US,L
73,EN,2022,FT,Data Scientist,1400000,INR,18442,IN,100,IN,M
74,EN,2022,FT,Data Engineer,120000,USD,120000,US,100,US,M
75,EN,2022,PT,Data Scientist,100000,USD,100000,DZ,50,DZ,M
76,EN,2022,CT,Applied Machine Learning Scientist,29000,EUR,31875,TN,100,CZ,M
77,EN,2022,FT,Data Engineer,52800,EUR,58035,PK,100,DE,M
78,EN,2022,FT,Data Scientist,66500,CAD,52396,CA,100,CA,L
79,EN,2022,FT,Data Scientist,40000,USD,40000,JP,100,MY,L
80,EN,2022,FT,Data Scientist,120000,AUD,86703,AU,50,AU,M
81,EN,2022,FT,Research Scientist,120000,USD,120000,US,100,US,L
82,EN,2022,FT,Computer Vision Software Engineer,150000,USD,150000,AU,100,AU,S
83,EN,2022,FT,Data Engineer,65000,USD,65000,US,100,US,S
84,EN,2022,FT,Data Analytics Engineer,20000,USD,20000,PK,0,PK,M
85,EN,2022,FT,Computer Vision Engineer,10000,USD,10000,PT,100,LU,M
86,EN,2022,FT,Data Analyst,67000,USD,67000,CA,0,CA,M
87,EN,2022,FT,Data Analyst,52000,USD,52000,CA,0,CA,M
88,MI,2020,FT,Data Scientist,70000,EUR,79833,DE,0,DE,L
89,MI,2020,FT,Product Data Analyst,20000,USD,20000,HN,0,HN,S
90,MI,2020,FT,Data Scientist,11000000,HUF,35735,HU,50,HU,L
91,MI,2020,FT,Business Data Analyst,135000,USD,135000,US,100,US,L
92,MI,2020,FT,Data Scientist,3000000,INR,40481,IN,0,IN,L
93,MI,2020,FT,Lead Data Analyst,87000,USD,87000,US,100,US,L
94,MI,2020,FT,Data Analyst,85000,USD,85000,US,100,US,L
95,MI,2020,FT,Data Analyst,8000,USD,8000,PK,50,PK,L
96,MI,2020,FT,Lead Data Engineer,56000,USD,56000,PT,100,US,M
97,MI,2020,FT,Machine Learning Engineer,299000,CNY,43331,CN,0,CN,M
98,MI,2020,FT,Product Data Analyst,450000,INR,6072,IN,100,IN,L
99,MI,2020,FT,BI Data Analyst,98000,USD,98000,US,0,US,M
100,MI,2020,FT,Lead Data Scientist,115000,USD,115000,AE,0,AE,L
101,MI,2020,FT,Data Engineering Manager,51999,EUR,59303,DE,100,DE,S
102,MI,2020,FT,Research Scientist,450000,USD,450000,US,0,US,M
103,MI,2020,FT,Data Analyst,41000,EUR,46759,FR,50,FR,L
104,MI,2020,FT,Data Engineer,65000,EUR,74130,AT,50,AT,L
105,MI,2020,FT,Data Science Consultant,103000,USD,103000,US,100,US,L
106,MI,2020,FT,Data Scientist,45760,USD,45760,PH,100,US,S
107,MI,2020,FT,Machine Learning Infrastructure Engineer,44000,EUR,50180,PT,0,PT,M
108,MI,2020,FT,Data Engineer,106000,USD,106000,US,100,US,L
109,MI,2020,FT,Data Engineer,88000,GBP,112872,GB,50,GB,L
110,MI,2020,FT,Data Scientist,60000,GBP,76958,GB,100,GB,S
111,MI,2020,FT,Data Scientist,105000,USD,105000,US,100,US,L
112,MI,2020,FT,Data Engineer,61500,EUR,70139,FR,50,FR,L
113,MI,2020,FT,Data Scientist,34000,EUR,38776,ES,100,ES,M
114,MI,2020,FT,Data Scientist,118000,USD,118000,US,100,US,M
115,MI,2020,FT,Data Scientist,138350,USD,138350,US,100,US,M
116,MI,2020,FT,Data Engineer,110000,USD,110000,US,100,US,L
117,MI,2020,FT,Data Engineer,130800,USD,130800,ES,100,US,M
118,MI,2020,FT,Data Scientist,55000,EUR,62726,FR,50,LU,S
119,MI,2020,FT,Data Scientist,37000,EUR,42197,FR,50,FR,S
120,MI,2021,FT,BI Data Analyst,100000,USD,100000,US,100,US,M
121,MI,2021,PT,3D Computer Vision Researcher,400000,INR,5409,IN,50,IN,M
122,MI,2021,CT,ML Engineer,270000,USD,270000,US,100,US,L
123,MI,2021,FT,Data Engineer,140000,USD,140000,US,100,US,L
124,MI,2021,FT,Applied Data Scientist,68000,CAD,54238,GB,50,CA,L
125,MI,2021,FT,Machine Learning Engineer,40000,EUR,47282,ES,100,ES,S
126,MI,2021,FT,Data Engineer,110000,PLN,28476,PL,100,PL,L
127,MI,2021,FT,Data Analytics Engineer,110000,USD,110000,US,100,US,L
128,MI,2021,FT,Lead Data Analyst,1450000,INR,19609,IN,100,IN,L
129,MI,2021,FT,Cloud Data Engineer,120000,SGD,89294,SG,50,SG,L
130,MI,2021,FT,Financial Data Analyst,450000,USD,450000,US,100,US,L
131,MI,2021,FT,Computer Vision Software Engineer,81000,EUR,95746,DE,100,US,S
132,MI,2021,FT,Data Analyst,75000,USD,75000,US,0,US,L
133,MI,2021,FT,BI Data Analyst,11000000,HUF,36259,HU,50,US,L
134,MI,2021,FT,Data Analyst,62000,USD,62000,US,0,US,L
135,MI,2021,FT,Data Scientist,73000,USD,73000,US,0,US,L
136,MI,2021,FT,Data Analyst,37456,GBP,51519,GB,50,GB,L
137,MI,2021,FT,Research Scientist,235000,CAD,187442,CA,100,CA,L
138,MI,2021,FT,Data Engineer,38400,EUR,45391,NL,100,NL,L
139,MI,2021,FT,Data Scientist,50000,USD,50000,NG,100,NG,L
140,MI,2021,FT,Data Science Engineer,34000,EUR,40189,GR,100,GR,M
141,MI,2021,FT,Data Engineer,200000,USD,200000,US,100,US,L
142,MI,2021,FT,Big Data Engineer,60000,USD,60000,ES,50,RO,M
143,MI,2021,FT,Principal Data Scientist,151000,USD,151000,US,100,US,L
144,MI,2021,FT,Data Scientist,700000,INR,9466,IN,0,IN,S
145,MI,2021,FT,Applied Machine Learning Scientist,38400,USD,38400,VN,100,US,M
146,MI,2021,FT,Data Analyst,90000,USD,90000,US,100,US,M
147,MI,2021,FT,ML Engineer,7000000,JPY,63711,JP,50,JP,S
148,MI,2021,FT,ML Engineer,8500000,JPY,77364,JP,50,JP,S
149,MI,2021,FT,Data Analyst,135000,USD,135000,US,100,US,L
150,MI,2021,FT,Data Scientist,82500,USD,82500,US,100,US,S
151,MI,2021,FT,Data Engineer,100000,USD,100000,US,100,US,L
152,MI,2021,FT,Research Scientist,53000,EUR,62649,FR,50,FR,M
153,MI,2021,FT,Data Engineer,90000,USD,90000,US,100,US,L
154,MI,2021,FT,Data Scientist,150000,USD,150000,US,100,US,M
155,MI,2021,FT,Data Scientist,95000,CAD,75774,CA,100,CA,L
156,MI,2021,FT,Data Scientist,160000,SGD,119059,SG,100,IL,M
157,MI,2021,FT,Applied Machine Learning Scientist,423000,USD,423000,US,50,US,L
158,MI,2021,FT,Data Engineer,24000,EUR,28369,MT,50,MT,L
159,MI,2021,FT,Data Architect,150000,USD,150000,US,100,US,L
160,MI,2021,FT,Data Architect,170000,USD,170000,US,100,US,L
161,MI,2021,FT,Data Engineer,60000,GBP,82528,GB,100,GB,L
162,MI,2021,FT,Data Scientist,58000,MXN,2859,MX,0,MX,S
163,MI,2021,FT,Data Scientist,30400000,CLP,40038,CL,100,CL,L
164,MI,2021,FT,Data Scientist,420000,INR,5679,IN,100,US,S
165,MI,2021,FT,Big Data Engineer,1672000,INR,22611,IN,0,IN,L
166,MI,2021,FT,Data Scientist,76760,EUR,90734,DE,50,DE,L
167,MI,2021,FT,Data Engineer,22000,EUR,26005,RO,0,US,L
168,MI,2021,FL,Machine Learning Scientist,12000,USD,12000,PK,50,PK,M
169,MI,2021,FT,Data Engineer,4000,USD,4000,IR,100,IR,M
170,MI,2021,FT,Machine Learning Engineer,74000,USD,74000,JP,50,JP,S
171,MI,2021,FT,Big Data Engineer,18000,USD,18000,MD,0,MD,S
172,MI,2021,FT,Data Scientist,147000,USD,147000,US,50,US,L
173,MI,2021,FT,Data Scientist,52000,EUR,61467,DE,50,AT,M
174,MI,2021,FT,Data Scientist,32000,EUR,37825,ES,100,ES,L
175,MI,2021,FT,Data Scientist,160000,USD,160000,US,100,US,L
176,MI,2021,FT,Data Scientist,69600,BRL,12901,BR,0,BR,S
177,MI,2021,FL,Data Engineer,20000,USD,20000,IT,0,US,L
178,MI,2021,FT,Machine Learning Engineer,21000,EUR,24823,SI,50,SI,L
179,MI,2021,FT,Research Scientist,48000,EUR,56738,FR,50,FR,S
180,MI,2021,FT,Data Engineer,48000,GBP,66022,HK,50,GB,S
181,MI,2021,FT,Data Scientist,76760,EUR,90734,DE,50,DE,L
182,MI,2021,FT,Machine Learning Engineer,75000,EUR,88654,BE,100,BE,M
183,MI,2021,FT,Machine Learning Engineer,180000,PLN,46597,PL,100,PL,L
184,MI,2021,FT,Data Scientist,85000,GBP,116914,GB,50,GB,L
185,MI,2021,FT,Data Scientist,2500000,INR,33808,IN,0,IN,M
186,MI,2021,FT,Data Scientist,40900,GBP,56256,GB,50,GB,L
187,MI,2021,FT,Data Scientist,75000,EUR,88654,DE,50,DE,L
188,MI,2021,FT,Data Architect,180000,USD,180000,US,100,US,L
189,MI,2021,FT,Head of Data Science,110000,USD,110000,US,0,US,S
190,MI,2021,FT,Research Scientist,80000,CAD,63810,CA,100,CA,M
191,MI,2021,FT,Data Scientist,39600,EUR,46809,ES,100,ES,M
192,MI,2021,FT,Data Analyst,80000,USD,80000,US,100,US,L
193,MI,2021,FT,Data Engineer,110000,USD,110000,US,100,US,L
194,MI,2021,FT,Data Engineer,52500,GBP,72212,GB,50,GB,L
195,MI,2021,FT,Data Engineer,108000,TRY,12103,TR,0,TR,M
196,MI,2021,FT,Data Scientist,115000,USD,115000,US,50,US,L
197,MI,2021,FT,Data Analyst,93000,USD,93000,US,100,US,L
198,MI,2021,FT,Data Engineer,200000,USD,200000,US,100,US,L
199,MI,2021,FT,Data Scientist,130000,USD,130000,US,50,US,L
200,MI,2021,FT,Data Scientist,1250000,INR,16904,IN,100,IN,S
201,MI,2021,FT,Data Scientist,21600,EUR,25532,RS,100,DE,S
202,MI,2021,FT,Data Engineer,93150,USD,93150,US,0,US,M
203,MI,2021,FT,Data Engineer,111775,USD,111775,US,0,US,M
204,MI,2021,FT,Data Engineer,250000,TRY,28016,TR,100,TR,M
205,MI,2021,FT,Data Engineer,112000,USD,112000,US,100,US,L
206,MI,2021,PT,Data Engineer,59000,EUR,69741,NL,100,NL,L
207,MI,2021,FT,Research Scientist,69999,USD,69999,CZ,50,CZ,L
208,MI,2021,FT,Data Scientist,109000,USD,109000,US,50,US,L
209,MI,2021,FT,Machine Learning Engineer,43200,EUR,51064,IT,50,IT,L
210,MI,2022,FT,Data Scientist,130000,USD,130000,US,0,US,M
211,MI,2022,FT,Data Scientist,90000,USD,90000,US,0,US,M
212,MI,2022,FT,Data Engineer,170000,USD,170000,US,100,US,M
213,MI,2022,FT,Data Engineer,150000,USD,150000,US,100,US,M
214,MI,2022,FT,Data Analyst,106260,USD,106260,US,0,US,M
215,MI,2022,FT,Data Analyst,126500,USD,126500,US,0,US,M
216,MI,2022,FT,Data Scientist,50000,GBP,65438,GB,0,GB,M
217,MI,2022,FT,Data Scientist,30000,GBP,39263,GB,0,GB,M
218,MI,2022,FT,Data Engineer,60000,GBP,78526,GB,0,GB,M
219,MI,2022,FT,Data Engineer,40000,GBP,52351,GB,0,GB,M
220,MI,2022,FT,Data Analyst,115500,USD,115500,US,100,US,M
221,MI,2022,FT,Data Analyst,167000,USD,167000,US,100,US,M
222,MI,2022,FT,Data Analyst,58000,USD,58000,US,0,US,S
223,MI,2022,FT,ETL Developer,50000,EUR,54957,GR,0,GR,M
224,MI,2022,FT,ETL Developer,50000,EUR,54957,GR,0,GR,M
225,MI,2022,FT,Machine Learning Engineer,95000,GBP,124333,GB,0,GB,M
226,MI,2022,FT,Machine Learning Engineer,75000,GBP,98158,GB,0,GB,M
227,MI,2022,FT,AI Scientist,120000,USD,120000,US,0,US,M
228,MI,2022,FT,Machine Learning Engineer,80000,EUR,87932,FR,100,DE,M
229,MI,2022,FT,Data Engineer,90000,GBP,117789,GB,0,GB,M
230,MI,2022,FT,Data Engineer,75000,GBP,98158,GB,0,GB,M
231,MI,2022,FT,Data Analyst,58000,USD,58000,US,0,US,S
232,MI,2022,FT,Data Analyst,40000,GBP,52351,GB,100,GB,M
233,MI,2022,FT,Data Scientist,55000,GBP,71982,GB,0,GB,M
234,MI,2022,FT,Data Scientist,35000,GBP,45807,GB,0,GB,M
235,MI,2022,FT,Data Engineer,60000,EUR,65949,GR,100,GR,M
236,MI,2022,FT,Data Engineer,45000,EUR,49461,GR,100,GR,M
237,MI,2022,FT,Data Engineer,60000,GBP,78526,GB,100,GB,M
238,MI,2022,FT,Data Engineer,45000,GBP,58894,GB,100,GB,M
239,MI,2022,FT,Data Engineer,63900,USD,63900,US,0,US,M
240,MI,2022,FT,Machine Learning Scientist,160000,USD,160000,US,100,US,L
241,MI,2022,FT,Machine Learning Scientist,112300,USD,112300,US,100,US,L
242,MI,2022,FT,Data Science Manager,241000,USD,241000,US,100,US,M
243,MI,2022,FT,Data Science Manager,159000,USD,159000,US,100,US,M
244,MI,2022,FT,Data Engineer,82900,USD,82900,US,0,US,M
245,MI,2022,FT,Data Engineer,45000,EUR,49461,ES,100,ES,M
246,MI,2022,FT,Data Analyst,30000,GBP,39263,GB,100,GB,M
247,MI,2022,FT,Data Analyst,40000,EUR,43966,ES,100,ES,M
248,MI,2022,FT,Data Analyst,30000,EUR,32974,ES,100,ES,M
249,MI,2022,FT,Data Engineer,80000,EUR,87932,ES,100,ES,M
250,MI,2022,FT,Data Engineer,70000,EUR,76940,ES,100,ES,M
251,MI,2022,FT,Data Engineer,80000,GBP,104702,GB,100,GB,M
252,MI,2022,FT,Data Engineer,70000,GBP,91614,GB,100,GB,M
253,MI,2022,FT,Data Engineer,60000,EUR,65949,ES,100,ES,M
254,MI,2022,FT,Data Engineer,80000,EUR,87932,GR,100,GR,M
255,MI,2022,FT,Data Analyst,40000,EUR,43966,GR,100,GR,M
256,MI,2022,FT,Data Analyst,30000,EUR,32974,GR,100,GR,M
257,MI,2022,FT,Data Engineer,75000,GBP,98158,GB,100,GB,M
258,MI,2022,FT,Data Engineer,60000,GBP,78526,GB,100,GB,M
259,MI,2022,FT,Data Engineer,70000,EUR,76940,GR,100,GR,M
260,MI,2022,FT,Machine Learning Developer,100000,CAD,78791,CA,100,CA,M
261,MI,2022,FT,Machine Learning Engineer,120000,USD,120000,US,100,US,S
262,MI,2022,FT,NLP Engineer,240000,CNY,37236,US,50,US,L
263,MI,2022,FT,Business Data Analyst,1400000,INR,18442,IN,100,IN,M
264,MI,2022,FT,Data Scientist,2400000,INR,31615,IN,100,IN,L
265,MI,2022,FT,Machine Learning Infrastructure Engineer,53000,EUR,58255,PT,50,PT,L
266,MI,2022,PT,Data Engineer,50000,EUR,54957,DE,50,DE,L
267,MI,2022,FT,Data Analyst,135000,USD,135000,US,100,US,M
268,MI,2022,FT,Data Analyst,50000,USD,50000,US,100,US,M
269,MI,2022,FT,Data Scientist,140000,GBP,183228,GB,0,GB,M
270,MI,2022,FT,Data Scientist,70000,GBP,91614,GB,0,GB,M
271,MI,2022,FT,Data Scientist,200000,USD,200000,US,100,US,M
272,MI,2022,FT,Data Scientist,120000,USD,120000,US,100,US,M
273,MI,2022,FL,Data Scientist,100000,USD,100000,CA,100,US,M
274,MI,2022,FT,Principal Data Analyst,75000,USD,75000,CA,100,CA,S
275,MI,2022,FT,Data Scientist,150000,PLN,35590,PL,100,PL,L
276,MI,2022,FT,Machine Learning Scientist,153000,USD,153000,US,50,US,M
277,MI,2022,FT,Head of Data,30000,EUR,32974,EE,100,EE,S
278,MI,2022,FT,Machine Learning Engineer,121000,AUD,87425,AU,100,AU,L
279,MI,2022,FT,Applied Machine Learning Scientist,75000,USD,75000,BO,100,US,L
280,MI,2022,FT,Research Scientist,59000,EUR,64849,AT,0,AT,L
281,MI,2022,FT,Applied Data Scientist,157000,USD,157000,US,100,US,L
282,MI,2022,FT,Business Data Analyst,90000,CAD,70912,CA,50,CA,L
283,MI,2022,FT,Data Scientist,48000,USD,48000,RU,100,US,S
284,MI,2022,FT,Data Engineer,62000,EUR,68147,FR,100,FR,M
285,MI,2022,FT,Data Scientist,115000,CHF,122346,CH,0,CH,L
286,MI,2022,FT,Data Scientist,88000,CAD,69336,CA,100,CA,M
287,MI,2022,FT,Data Analyst,20000,USD,20000,GR,100,GR,S
288,MI,2022,FT,Data Scientist,135000,USD,135000,US,100,US,L
289,MI,2022,FT,Data Scientist,78000,USD,78000,US,100,US,M
290,MI,2022,FT,Data Analyst,85000,USD,85000,CA,0,CA,M
291,MI,2022,FT,Data Analyst,75000,USD,75000,CA,0,CA,M
292,MI,2022,FT,Data Scientist,141300,USD,141300,US,0,US,M
293,MI,2022,FT,Data Scientist,102100,USD,102100,US,0,US,M
294,MI,2022,FT,Data Engineer,206699,USD,206699,US,0,US,M
295,MI,2022,FT,Data Engineer,99100,USD,99100,US,0,US,M
296,MI,2022,FT,Data Analyst,50000,GBP,65438,GB,0,GB,M
297,MI,2022,FT,Data Analyst,35000,GBP,45807,GB,0,GB,M
298,MI,2022,FT,Data Scientist,160000,USD,160000,US,100,US,M
299,MI,2022,FT,Data Scientist,130000,USD,130000,US,100,US,M
300,MI,2022,FT,AI Scientist,200000,USD,200000,IN,100,US,L
301,SE,2020,FT,Machine Learning Scientist,260000,USD,260000,JP,0,JP,S
302,SE,2020,FT,Big Data Engineer,85000,GBP,109024,GB,50,GB,M
303,SE,2020,FT,Machine Learning Engineer,150000,USD,150000,US,50,US,L
304,SE,2020,FT,Lead Data Scientist,190000,USD,190000,US,100,US,S
305,SE,2020,FT,Lead Data Engineer,125000,USD,125000,NZ,50,NZ,S
306,SE,2020,FT,Big Data Engineer,100000,EUR,114047,PL,100,GB,S
307,SE,2020,FT,Data Engineer,42000,EUR,47899,GR,50,GR,L
308,SE,2020,FT,Data Engineer,720000,MXN,33511,MX,0,MX,S
309,SE,2020,FT,Machine Learning Manager,157000,CAD,117104,CA,50,CA,L
310,SE,2020,FT,Data Scientist,60000,EUR,68428,GR,100,US,L
311,SE,2020,FT,Data Engineer,188000,USD,188000,US,100,US,L
312,SE,2020,FL,Computer Vision Engineer,60000,USD,60000,RU,100,US,S
313,SE,2020,FT,Principal Data Scientist,130000,EUR,148261,DE,100,DE,M
314,SE,2020,FT,Data Scientist,120000,USD,120000,US,50,US,L
315,SE,2020,FT,Data Scientist,412000,USD,412000,US,100,US,L
316,SE,2020,FT,Machine Learning Engineer,40000,EUR,45618,HR,100,HR,S
317,SE,2020,FT,Data Science Manager,190200,USD,190200,US,100,US,M
318,SE,2020,FT,Data Scientist,80000,EUR,91237,AT,0,AT,S
319,SE,2021,FT,Data Scientist,45000,EUR,53192,FR,50,FR,L
320,SE,2021,FT,Data Analytics Engineer,67000,EUR,79197,DE,100,DE,L
321,SE,2021,FT,Lead Data Analyst,170000,USD,170000,US,100,US,L
322,SE,2021,FT,Data Analyst,80000,USD,80000,BG,100,US,S
323,SE,2021,FT,Marketing Data Analyst,75000,EUR,88654,GR,100,DK,L
324,SE,2021,FT,Lead Data Engineer,276000,USD,276000,US,0,US,L
325,SE,2021,FT,Data Engineer,150000,USD,150000,US,100,US,L
326,SE,2021,FT,Data Engineer,115000,USD,115000,US,100,US,S
327,SE,2021,FT,Data Engineer,150000,USD,150000,US,100,US,M
328,SE,2021,FT,Machine Learning Engineer,80000,EUR,94564,DE,50,DE,L
329,SE,2021,FT,Director of Data Engineering,82500,GBP,113476,GB,100,GB,M
330,SE,2021,FT,Lead Data Engineer,75000,GBP,103160,GB,100,GB,S
331,SE,2021,FT,Principal Data Engineer,200000,USD,200000,US,100,US,M
332,SE,2021,FT,Machine Learning Scientist,120000,USD,120000,US,50,US,S
333,SE,2021,FT,Lead Data Scientist,3000000,INR,40570,IN,50,IN,L
334,SE,2021,FT,Computer Vision Engineer,24000,USD,24000,BR,100,BR,M
335,SE,2021,FT,Principal Data Scientist,220000,USD,220000,US,0,US,L
336,SE,2021,FT,Data Science Manager,240000,USD,240000,US,0,US,L
337,SE,2021,FT,Data Engineering Manager,150000,USD,150000,US,0,US,L
338,SE,2021,FT,Machine Learning Engineer,70000,EUR,82744,BE,50,BE,M
339,SE,2021,FT,Data Engineering Manager,153000,USD,153000,US,100,US,L
340,SE,2021,FT,Cloud Data Engineer,160000,USD,160000,BR,100,US,S
341,SE,2021,FT,Director of Data Science,168000,USD,168000,JP,0,JP,S
342,SE,2021,FT,Data Science Manager,144000,USD,144000,US,100,US,L
343,SE,2021,FT,Data Science Engineer,159500,CAD,127221,CA,50,CA,L
344,SE,2021,FT,Data Analytics Manager,120000,USD,120000,US,100,US,M
345,SE,2021,FT,Data Specialist,165000,USD,165000,US,100,US,L
346,SE,2021,FT,Principal Data Scientist,235000,USD,235000,US,100,US,L
347,SE,2021,FT,Research Scientist,51400,EUR,60757,PT,50,PT,L
348,SE,2021,FT,Data Engineering Manager,174000,USD,174000,US,100,US,L
349,SE,2021,FT,Finance Data Analyst,45000,GBP,61896,GB,50,GB,L
350,SE,2021,FT,Data Analytics Engineer,50000,USD,50000,VN,100,GB,M
351,SE,2021,FT,Data Engineer,65000,EUR,76833,RO,50,GB,S
352,SE,2021,FT,Data Science Manager,152000,USD,152000,US,100,FR,L
353,SE,2021,FT,Data Science Manager,174000,USD,174000,US,100,US,L
354,SE,2021,FT,Research Scientist,120500,CAD,96113,CA,50,CA,L
355,SE,2021,FT,Machine Learning Engineer,1799997,INR,24342,IN,100,IN,L
356,SE,2021,FT,Data Science Manager,4000000,INR,54094,IN,50,US,L
357,SE,2021,FT,Machine Learning Infrastructure Engineer,195000,USD,195000,US,100,US,M
358,SE,2021,FT,Research Scientist,50000,USD,50000,FR,100,US,S
359,SE,2021,FT,Machine Learning Engineer,200000,USD,200000,US,100,US,L
360,SE,2021,FT,Data Engineer,165000,USD,165000,US,0,US,M
361,SE,2021,FT,Data Analytics Manager,120000,USD,120000,US,0,US,L
362,SE,2021,FT,Principal Data Engineer,185000,USD,185000,US,100,US,L
363,SE,2021,FT,Data Analytics Manager,140000,USD,140000,US,100,US,L
364,SE,2021,FT,Machine Learning Scientist,225000,USD,225000,US,100,CA,L
365,SE,2021,FT,Data Scientist,110000,CAD,87738,CA,100,CA,S
366,SE,2021,FT,Data Scientist,135000,USD,135000,US,0,US,L
367,SE,2021,FT,Data Analyst,90000,CAD,71786,CA,100,CA,M
368,SE,2021,FT,ML Engineer,256000,USD,256000,US,100,US,S
369,SE,2021,FT,Director of Data Engineering,200000,USD,200000,US,100,US,L
370,SE,2021,FT,Data Analyst,200000,USD,200000,US,100,US,L
371,SE,2021,FT,Data Scientist,130000,CAD,103691,CA,100,CA,L
372,SE,2021,FT,Data Scientist,165000,USD,165000,US,100,US,L
373,SE,2021,FT,Data Engineer,70000,GBP,96282,GB,50,GB,L
374,SE,2021,FT,Principal Data Analyst,170000,USD,170000,US,100,US,M
375,SE,2021,FT,Big Data Architect,125000,CAD,99703,CA,50,CA,M
376,SE,2021,FT,Principal Data Scientist,147000,EUR,173762,DE,100,DE,M
377,SE,2021,FT,Machine Learning Engineer,185000,USD,185000,US,50,US,L
378,SE,2021,FT,Data Analyst,54000,EUR,63831,DE,50,DE,L
379,SE,2021,FT,Machine Learning Engineer,4900000,INR,66265,IN,0,IN,L
380,SE,2021,FT,Lead Data Engineer,160000,USD,160000,PR,50,US,S
381,SE,2021,FT,Computer Vision Engineer,102000,BRL,18907,BR,0,BR,M
382,SE,2021,FT,Data Scientist,65720,EUR,77684,FR,50,FR,M
383,SE,2021,FT,AI Scientist,55000,USD,55000,ES,100,ES,L
384,SE,2021,FT,Data Scientist,180000,TRY,20171,TR,50,TR,L
385,SE,2021,CT,Staff Data Scientist,105000,USD,105000,US,100,US,M
386,SE,2021,FT,Data Science Manager,7000000,INR,94665,IN,50,IN,L
387,SE,2021,FT,Head of Data,87000,EUR,102839,SI,100,SI,L
388,SE,2022,FT,Data Engineer,135000,USD,135000,US,100,US,M
389,SE,2022,FT,Data Analyst,155000,USD,155000,US,100,US,M
390,SE,2022,FT,Data Analyst,120600,USD,120600,US,100,US,M
391,SE,2022,FT,Data Analyst,102100,USD,102100,US,100,US,M
392,SE,2022,FT,Data Analyst,84900,USD,84900,US,100,US,M
393,SE,2022,FT,Data Scientist,136620,USD,136620,US,100,US,M
394,SE,2022,FT,Data Scientist,99360,USD,99360,US,100,US,M
395,SE,2022,FT,Data Scientist,90000,GBP,117789,GB,0,GB,M
396,SE,2022,FT,Data Scientist,80000,GBP,104702,GB,0,GB,M
397,SE,2022,FT,Data Scientist,146000,USD,146000,US,100,US,M
398,SE,2022,FT,Data Scientist,123000,USD,123000,US,100,US,M
399,SE,2022,FT,Data Analyst,99000,USD,99000,US,0,US,M
400,SE,2022,FT,Data Analyst,116000,USD,116000,US,0,US,M
401,SE,2022,FT,Data Scientist,165220,USD,165220,US,100,US,M
402,SE,2022,FT,Data Scientist,120160,USD,120160,US,100,US,M
403,SE,2022,FT,Data Analyst,90320,USD,90320,US,100,US,M
404,SE,2022,FT,Data Engineer,181940,USD,181940,US,0,US,M
405,SE,2022,FT,Data Engineer,132320,USD,132320,US,0,US,M
406,SE,2022,FT,Data Engineer,220110,USD,220110,US,0,US,M
407,SE,2022,FT,Data Engineer,160080,USD,160080,US,0,US,M
408,SE,2022,FT,Data Scientist,180000,USD,180000,US,0,US,L
409,SE,2022,FT,Data Scientist,120000,USD,120000,US,0,US,L
410,SE,2022,FT,Data Analyst,124190,USD,124190,US,100,US,M
411,SE,2022,FT,Data Analyst,170000,USD,170000,US,100,US,M
412,SE,2022,FT,Data Analyst,112900,USD,112900,US,100,US,M
413,SE,2022,FT,Data Analyst,90320,USD,90320,US,100,US,M
414,SE,2022,FT,Data Analyst,112900,USD,112900,US,100,US,M
415,SE,2022,FT,Data Analyst,90320,USD,90320,US,100,US,M
416,SE,2022,FT,Data Engineer,165400,USD,165400,US,100,US,M
417,SE,2022,FT,Data Engineer,132320,USD,132320,US,100,US,M
418,SE,2022,FT,Data Engineer,243900,USD,243900,US,100,US,M
419,SE,2022,FT,Data Analyst,136600,USD,136600,US,100,US,M
420,SE,2022,FT,Data Analyst,109280,USD,109280,US,100,US,M
421,SE,2022,FT,Data Engineer,128875,USD,128875,US,100,US,M
422,SE,2022,FT,Data Engineer,93700,USD,93700,US,100,US,M
423,SE,2022,FT,Data Engineer,156600,USD,156600,US,100,US,M
424,SE,2022,FT,Data Engineer,108800,USD,108800,US,0,US,M
425,SE,2022,FT,Data Scientist,95550,USD,95550,US,0,US,M
426,SE,2022,FT,Data Engineer,113000,USD,113000,US,0,US,L
427,SE,2022,FT,Data Analyst,135000,USD,135000,US,100,US,M
428,SE,2022,FT,Data Science Manager,161342,USD,161342,US,100,US,M
429,SE,2022,FT,Data Science Manager,137141,USD,137141,US,100,US,M
430,SE,2022,FT,Data Scientist,167000,USD,167000,US,100,US,M
431,SE,2022,FT,Data Scientist,123000,USD,123000,US,100,US,M
432,SE,2022,FT,Data Engineer,60000,GBP,78526,GB,0,GB,M
433,SE,2022,FT,Data Engineer,50000,GBP,65438,GB,0,GB,M
434,SE,2022,FT,Data Scientist,150000,USD,150000,US,0,US,M
435,SE,2022,FT,Data Scientist,211500,USD,211500,US,100,US,M
436,SE,2022,FT,Data Architect,192400,USD,192400,CA,100,CA,M
437,SE,2022,FT,Data Architect,90700,USD,90700,CA,100,CA,M
438,SE,2022,FT,Data Analyst,130000,USD,130000,CA,100,CA,M
439,SE,2022,FT,Data Analyst,61300,USD,61300,CA,100,CA,M
440,SE,2022,FT,Data Analyst,130000,USD,130000,CA,100,CA,M
441,SE,2022,FT,Data Analyst,61300,USD,61300,CA,100,CA,M
442,SE,2022,FT,Data Engineer,160000,USD,160000,US,0,US,L
443,SE,2022,FT,Data Scientist,138600,USD,138600,US,100,US,M
444,SE,2022,FT,Data Engineer,136000,USD,136000,US,0,US,M
445,SE,2022,FT,Data Scientist,170000,USD,170000,US,100,US,M
446,SE,2022,FT,Data Scientist,123000,USD,123000,US,100,US,M
447,SE,2022,FT,Machine Learning Engineer,189650,USD,189650,US,0,US,M
448,SE,2022,FT,Machine Learning Engineer,164996,USD,164996,US,0,US,M
449,SE,2022,FT,Data Analyst,132000,USD,132000,US,0,US,M
450,SE,2022,FT,Data Engineer,165400,USD,165400,US,100,US,M
451,SE,2022,FT,Data Architect,208775,USD,208775,US,100,US,M
452,SE,2022,FT,Data Architect,147800,USD,147800,US,100,US,M
453,SE,2022,FT,Data Engineer,136994,USD,136994,US,100,US,M
454,SE,2022,FT,Data Engineer,101570,USD,101570,US,100,US,M
455,SE,2022,FT,Data Analyst,128875,USD,128875,US,100,US,M
456,SE,2022,FT,Data Analyst,93700,USD,93700,US,100,US,M
457,SE,2022,FT,Data Engineer,132320,USD,132320,US,100,US,M
458,SE,2022,FT,Data Analyst,164000,USD,164000,US,0,US,M
459,SE,2022,FT,Data Engineer,155000,USD,155000,US,100,US,M
460,SE,2022,FT,Data Analyst,112900,USD,112900,US,100,US,M
461,SE,2022,FT,Data Analyst,90320,USD,90320,US,100,US,M
462,SE,2022,FT,Data Analytics Manager,145000,USD,145000,US,100,US,M
463,SE,2022,FT,Data Analytics Manager,105400,USD,105400,US,100,US,M
464,SE,2022,FT,Data Scientist,215300,USD,215300,US,100,US,L
465,SE,2022,FT,Data Scientist,158200,USD,158200,US,100,US,L
466,SE,2022,FT,Data Engineer,209100,USD,209100,US,100,US,L
467,SE,2022,FT,Data Engineer,154600,USD,154600,US,100,US,L
468,SE,2022,FT,Data Analyst,115934,USD,115934,US,0,US,M
469,SE,2022,FT,Data Analyst,81666,USD,81666,US,0,US,M
470,SE,2022,FT,Data Engineer,175000,USD,175000,US,100,US,M
471,SE,2022,FT,Data Engineer,183600,USD,183600,US,100,US,L
472,SE,2022,FT,Data Scientist,180000,USD,180000,US,100,US,M
473,SE,2022,FT,Data Scientist,260000,USD,260000,US,100,US,M
474,SE,2022,FT,Data Science Engineer,60000,USD,60000,AR,100,MX,L
475,SE,2022,FT,Data Scientist,180000,USD,180000,US,0,US,M
476,SE,2022,FT,Data Scientist,80000,USD,80000,US,0,US,M
477,SE,2022,FT,Data Engineer,100800,USD,100800,US,100,US,L
478,SE,2022,FT,Data Scientist,140400,USD,140400,US,0,US,L
479,SE,2022,FT,Machine Learning Engineer,189650,USD,189650,US,0,US,M
480,SE,2022,FT,Machine Learning Engineer,164996,USD,164996,US,0,US,M
481,SE,2022,FT,Data Scientist,215300,USD,215300,US,0,US,L
482,SE,2022,FT,Data Engineer,209100,USD,209100,US,100,US,L
483,SE,2022,FT,Data Engineer,154600,USD,154600,US,100,US,L
484,SE,2022,FT,Data Engineer,180000,USD,180000,US,100,US,M
485,SE,2022,FT,Data Engineer,80000,USD,80000,US,100,US,M
486,SE,2022,FT,Data Engineer,105000,USD,105000,US,100,US,M
487,SE,2022,FT,Lead Machine Learning Engineer,80000,EUR,87932,DE,0,DE,M
488,SE,2022,FT,Principal Data Scientist,148000,EUR,162674,DE,100,DE,M
489,SE,2022,FT,Research Scientist,144000,USD,144000,US,50,US,L
490,SE,2022,FT,Data Scientist,104890,USD,104890,US,100,US,M
491,SE,2022,FT,Data Engineer,100000,USD,100000,US,100,US,M
492,SE,2022,FT,Data Scientist,140000,USD,140000,US,100,US,M
493,SE,2022,FT,Data Scientist,220000,USD,220000,US,100,US,M
494,SE,2022,FT,Data Scientist,140000,USD,140000,US,100,US,M
495,SE,2022,FT,Data Scientist,185100,USD,185100,US,100,US,M
496,SE,2022,FT,Machine Learning Engineer,220000,USD,220000,US,100,US,M
497,SE,2022,FT,Machine Learning Engineer,120000,USD,120000,AE,100,AE,S
498,SE,2022,FT,Machine Learning Engineer,65000,USD,65000,AE,100,AE,S
499,SE,2022,FT,Data Engineer,210000,USD,210000,US,100,US,M
500,SE,2022,FT,Machine Learning Engineer,120000,USD,120000,US,100,US,M
501,SE,2022,FT,Data Scientist,230000,USD,230000,US,100,US,M
502,SE,2022,FT,Head of Data,200000,USD,200000,MY,100,US,M
503,SE,2022,FT,Machine Learning Developer,100000,CAD,78791,CA,100,CA,M
504,SE,2022,FT,Data Scientist,100000,USD,100000,BR,100,US,M
505,SE,2022,FT,Data Scientist,165000,USD,165000,US,100,US,M
506,SE,2022,FT,Research Scientist,85000,EUR,93427,FR,50,FR,L
507,SE,2022,FT,Machine Learning Engineer,57000,EUR,62651,NL,100,NL,L
508,SE,2022,FT,Data Engineer,115000,USD,115000,US,100,US,M
509,SE,2022,FT,Machine Learning Engineer,65000,EUR,71444,IE,100,IE,S
510,SE,2022,FT,Data Science Manager,152500,USD,152500,US,100,US,M
511,SE,2022,FT,Applied Data Scientist,380000,USD,380000,US,100,US,L
512,SE,2022,FT,Data Analytics Lead,405000,USD,405000,US,100,US,L
513,SE,2022,FT,Applied Data Scientist,177000,USD,177000,US,100,US,L
514,SE,2022,FT,Data Analyst,135000,USD,135000,US,100,US,M
515,SE,2022,FT,Data Analyst,100000,USD,100000,US,100,US,M
516,SE,2022,FT,Data Analyst,90320,USD,90320,US,100,US,M
517,SE,2022,FT,Machine Learning Engineer,214000,USD,214000,US,100,US,M
518,SE,2022,FT,Machine Learning Engineer,192600,USD,192600,US,100,US,M
519,SE,2022,FT,Data Architect,266400,USD,266400,US,100,US,M
520,SE,2022,FT,Data Architect,213120,USD,213120,US,100,US,M
521,SE,2022,FT,Data Analyst,112900,USD,112900,US,100,US,M
522,SE,2022,FT,Data Engineer,155000,USD,155000,US,100,US,M
523,SE,2022,FT,Data Analyst,115934,USD,115934,US,100,US,M
524,SE,2022,FT,Data Analyst,81666,USD,81666,US,100,US,M
525,SE,2022,FT,Data Engineer,130000,USD,130000,US,100,US,M
526,SE,2022,FT,Data Engineer,115000,USD,115000,US,100,US,M
527,SE,2022,FT,Data Engineer,110500,USD,110500,US,100,US,M
528,SE,2022,FT,Data Engineer,130000,USD,130000,US,100,US,M
529,SE,2022,FT,Data Analyst,99050,USD,99050,US,100,US,M
530,SE,2022,FT,Data Engineer,160000,USD,160000,US,100,US,M
531,SE,2022,FT,Data Scientist,205300,USD,205300,US,0,US,L
532,SE,2022,FT,Data Scientist,140400,USD,140400,US,0,US,L
533,SE,2022,FT,Data Scientist,176000,USD,176000,US,100,US,M
534,SE,2022,FT,Data Scientist,144000,USD,144000,US,100,US,M
535,SE,2022,FT,Data Engineer,200100,USD,200100,US,100,US,M
536,SE,2022,FT,Data Engineer,160000,USD,160000,US,100,US,M
537,SE,2022,FT,Data Engineer,145000,USD,145000,US,100,US,M
538,SE,2022,FT,Data Engineer,70500,USD,70500,US,0,US,M
539,SE,2022,FT,Data Scientist,205300,USD,205300,US,0,US,M
540,SE,2022,FT,Data Scientist,140400,USD,140400,US,0,US,M
541,SE,2022,FT,Analytics Engineer,205300,USD,205300,US,0,US,M
542,SE,2022,FT,Analytics Engineer,184700,USD,184700,US,0,US,M
543,SE,2022,FT,Data Engineer,175100,USD,175100,US,100,US,M
544,SE,2022,FT,Data Engineer,140250,USD,140250,US,100,US,M
545,SE,2022,FT,Data Analyst,116150,USD,116150,US,100,US,M
546,SE,2022,FT,Data Engineer,54000,USD,54000,US,0,US,M
547,SE,2022,FT,Data Analyst,170000,USD,170000,US,100,US,M
548,SE,2022,FT,Data Analyst,80000,USD,80000,US,100,US,M
549,SE,2022,FT,Data Scientist,140000,USD,140000,US,100,US,M
550,SE,2022,FT,Data Scientist,210000,USD,210000,US,100,US,M
551,SE,2022,FT,Data Scientist,140000,USD,140000,US,100,US,M
552,SE,2022,FT,Data Analyst,100000,USD,100000,US,100,US,M
553,SE,2022,FT,Data Analyst,69000,USD,69000,US,100,US,M
554,SE,2022,FT,Data Scientist,210000,USD,210000,US,100,US,M
555,SE,2022,FT,Data Scientist,140000,USD,140000,US,100,US,M
556,SE,2022,FT,Data Scientist,210000,USD,210000,US,100,US,M
557,SE,2022,FT,Data Analyst,150075,USD,150075,US,100,US,M
558,SE,2022,FT,Data Engineer,100000,USD,100000,US,100,US,M
559,SE,2022,FT,Data Engineer,25000,USD,25000,US,100,US,M
560,SE,2022,FT,Data Analyst,126500,USD,126500,US,100,US,M
561,SE,2022,FT,Data Analyst,106260,USD,106260,US,100,US,M
562,SE,2022,FT,Data Engineer,220110,USD,220110,US,100,US,M
563,SE,2022,FT,Data Engineer,160080,USD,160080,US,100,US,M
564,SE,2022,FT,Data Analyst,105000,USD,105000,US,100,US,M
565,SE,2022,FT,Data Analyst,110925,USD,110925,US,100,US,M
566,SE,2022,FT,Data Scientist,140000,USD,140000,US,100,US,M
567,SE,2022,FT,Data Analyst,99000,USD,99000,US,0,US,M
568,SE,2022,FT,Data Analyst,60000,USD,60000,US,100,US,M
569,SE,2022,FT,Data Architect,192564,USD,192564,US,100,US,M
570,SE,2022,FT,Data Architect,144854,USD,144854,US,100,US,M
571,SE,2022,FT,Data Scientist,230000,USD,230000,US,100,US,M
572,SE,2022,FT,Data Scientist,150000,USD,150000,US,100,US,M
573,SE,2022,FT,Data Analytics Manager,150260,USD,150260,US,100,US,M
574,SE,2022,FT,Data Analytics Manager,109280,USD,109280,US,100,US,M
575,SE,2022,FT,Data Scientist,210000,USD,210000,US,100,US,M
576,SE,2022,FT,Data Analyst,170000,USD,170000,US,100,US,M
577,SE,2022,FT,Data Engineer,154000,USD,154000,US,100,US,M
578,SE,2022,FT,Data Engineer,126000,USD,126000,US,100,US,M
579,SE,2022,FT,Data Analyst,129000,USD,129000,US,0,US,M
580,SE,2022,FT,Data Analyst,150000,USD,150000,US,100,US,M
581,EX,2020,FT,Director of Data Science,325000,USD,325000,US,100,US,L
582,EX,2020,FT,Data Engineering Manager,70000,EUR,79833,ES,50,ES,L
583,EX,2021,FT,BI Data Analyst,150000,USD,150000,IN,100,US,L
584,EX,2021,FT,Head of Data,235000,USD,235000,US,100,US,L
585,EX,2021,FT,Director of Data Science,130000,EUR,153667,IT,100,PL,L
586,EX,2021,FT,Head of Data,230000,USD,230000,RU,50,RU,L
587,EX,2021,FT,Head of Data Science,85000,USD,85000,RU,0,RU,M
588,EX,2021,FT,Director of Data Science,110000,EUR,130026,DE,50,DE,M
589,EX,2021,FT,Director of Data Science,250000,USD,250000,US,0,US,L
590,EX,2021,FT,Data Science Consultant,59000,EUR,69741,FR,100,ES,S
591,EX,2021,CT,Principal Data Scientist,416000,USD,416000,US,100,US,S
592,EX,2021,FT,Principal Data Engineer,600000,USD,600000,US,100,US,L
593,EX,2021,FT,Director of Data Science,120000,EUR,141846,DE,0,DE,L
594,EX,2022,FT,Data Engineer,242000,USD,242000,US,100,US,M
595,EX,2022,FT,Data Engineer,200000,USD,200000,US,100,US,M
596,EX,2022,FT,Data Analyst,130000,USD,130000,US,100,US,M
597,EX,2022,FT,Data Analyst,110000,USD,110000,US,100,US,M
598,EX,2022,FT,Head of Data Science,224000,USD,224000,US,100,US,M
599,EX,2022,FT,Head of Data Science,167875,USD,167875,US,100,US,M
600,EX,2022,FT,Analytics Engineer,175000,USD,175000,US,100,US,M
601,EX,2022,FT,Analytics Engineer,135000,USD,135000,US,100,US,M
602,EX,2022,FT,Lead Data Engineer,150000,CAD,118187,CA,100,CA,S
603,EX,2022,FT,Head of Machine Learning,6000000,INR,79039,IN,50,IN,L
604,EX,2022,FT,Director of Data Science,250000,CAD,196979,CA,50,CA,L
605,EX,2022,FT,Data Engineer,324000,USD,324000,US,100,US,M
606,EX,2022,FT,Data Engineer,216000,USD,216000,US,100,US,M
